Joke,Joke Search Criteria,Meta Joke, Meta,Primary Tag,Tags,
Puppy Monkey Baby,Puppy Monkey Baby,Mountain Dew,Commercial,Song,,
Baby,Baby,Justin Bieber,Artist,Song,,
Baby,Baby,Ludacris,Artist,Song,,
Made a Word!,Made a Word!,LeapFrog,Company,Toy,,
The Joke-Explainer‚Ñ¢ 7000,The Joke-Explainer‚Ñ¢ 7000,SiIvaGunner,Content Creator,Meme,,
Thick Of It,Thick Of It,KSI,Content Creator,Song,,
wordle rap,wordle rap,ch3rryb0y,Artist,Song,,
Good Riddance (Time of Your Life),Good Riddance (Time of Your Life),Green Day,Artist,Song,,
Google Screaming Ad,Google Screaming Ad,Google,Company,Song,Video,
Shocking Party,Shocking Party,Love Live!,Anime,Song,,
Suneo's Bragging Theme,Suneo's Bragging Theme,Doraemon (1979),Animated Series,Song,,
Uptown Funk,Uptown Funk,Mark Ronson,Artist,Song,,
Uptown Funk,Uptown Funk,Bruno Mars,Artist,Song,,
Baby Shark,Baby Shark,Pinkfong,Content Creator,Song,,
Oo Ee A E A,Oo Ee A E A,dr.krex,Artist,Song,Meme,
Best Song Ever,Best Song Ever,One Direction,Artist,Song,,
Scatman's World,Scatman's World,Scatman John,Artist,Song,,
Shelter,Shelter&|Madeon,Porter Robinson,Artist,Song,,
Shelter,Shelter&|Madeon,Madeon,Artist,Song,,
Pixel Empire,Pixel Empire&|Madeon,Madeon,Artist,Song,,
intro3.ogg,intro3.ogg,Friday Night Funkin',Video Game,Song,,
Burning Desires,Burning Desires,Zenless Zone Zero,Video Game,Song,,
countdown,countdown&|Smash Bros,Super Smash Bros. Ultimate,Video Game,Song,,
Let Me Hit It,Let Me Hit It,Sporty-O,Artist,Song,,
Your Affection,Your Affection,Persona 4,Video Game,Song,,
SexyBack,SexyBack,Justin Timberlake,Artist,Song,,
SexyBack,SexyBack,Timbaland,Artist,Song,,
Mass Destruction,Mass Destruction,Persona 3,Video Game,Song,,
Temporary Secretary,Temporary Secretary,Paul McCartney,Artist,Song,,
Whopper Whopper,Whopper Whopper,Burger King,Company,Song,Meme,
Shooting Stars,Shooting Stars&|Bag Raiders,Bag Raiders,Artist,Song,,
Burger King Foot Lettuce,Burger King Foot Lettuce,Top15s,Content Creator,Video,Meme,
I CAN SWING MY SWORD!,I CAN SWING MY SWORD!,Tobuscus,Content Creator,Song,,
synth instrument,synth instrument,Phineas and Ferb,Animated Series,Sound,,
Eh Eh Eh,Eh Eh Eh,@sp3_clan_sg,Social Media,Sound,,
EHHHHHHH EH EH EH,EHHHHHHH EH EH EH,@sp3_clan_sg,Social Media,Sound,,
Music That Makes You Poop,Music That Makes You Poop,Musical Magician,Social Media,Song,,
Be an Alpha,Be an Alpha,ZOMBIES: The Re-Animated Series,Animated Series,Song,,
Cotton Eye Joe,Cotton Eye Joe,Rednex,Artist,Song,,
Gegagedigedagedago,Gegagedigedagedago,razioff,Content Creator,Song,,
Pomni Song,Pomni Song,BENJIxScarlett,Content Creator,Song,,
The Amazing Digital Circus Theme,The Amazing Digital Circus Theme,The Amazing Digital Circus,Animated Series,Song,,
Dubidubidu,Dubidubidu,Christell,Artist,Song,,
GETCHA!,GETCHA!,Hatsune Miku,Vocaloid,Song,,
Astronomia,Astronomia,Vicetone,Artist,Song,,
Astronomia,Astronomia,Tony Igy,Artist,Song,,
Megalovania,Megalovania,Toby Fox,Artist,Song,,
Gangnam Style,Gangnam Style,PSY,Artist,Song,,
Tell On Me,Tell On Me,Supa King,Artist,Song,,
Tell On Me,Tell On Me,Kevin Gates,Artist,Song,,
n***a started laughing at numbers üò≠üò≠,started laughing at numbers üò≠üò≠,sugarsmorecake,Content Creator,Meme,,
My Ding-a-ling,My Ding-a-ling,The Simpsons,Animated Series,Song,Meme,
Not Like Us,Not Like Us,Kendrick Lamar,Artist,Song,,
ANTONYMPH,ANTONYMPH,Vylet Pony,Artist,Song,,
Party Rock Anthem,Party Rock Anthem,LMFAO,Artist,Song,,
Party Rock Anthem,Party Rock Anthem,Lauren Bennett,Artist,Song,,
Party Rock Anthem,Party Rock Anthem,GoonRock,Artist,Song,,
Harlem Shake,Harlem Shake,Baauer,Artist,Song,,
TiK ToK,TiK ToK,Ke$ha,Artist,Song,,
Axel F,Axel F,Crazy Frog,Artist,Song,,
If voices were instruments and instruments were voices,If voices were instruments and instruments were voices,CalebCity,Content Creator,Video,,
Karkalicious,Karkalicious,Superspecks!,Artist,Song,,
MAYBE I'LL PLAY FORTNITE,MAYBE I'LL PLAY FORTNITE,grandayy,Content Creator,Song,,
The Mine Song,The Mine Song,LazyTown,TV Show,Song,,
Man's Not Hot,Man's Not Hot,Big Shaq,Artist,Song,Video,
The Arena,The Arena,Kirby's Return to Dream Land,Video Game,Song,,
Sweatshirt,Sweatshirt,Jacob Sartorius,Content Creator,Song,,
We Are Number One,We Are Number One,LazyTown,TV Show,Song,,
NOW'S YOUR CHANCE TO BE A,NOW'S YOUR CHANCE TO BE A,Deltarune,Video Game,Song,,
Green Greens,Green Greens,Kirby's Dream Land,Video Game,Song,,
Mine,"""Mine""&|Bazzi",Bazzi,Artist,Song,,
Christmas in July,Christmas in July,hhgregg,Company,Video,Commercial,Song,
Christmas in July,"""HHGregg""",hhgregg,Company,Video,Commercial,Song,
Dance Mr. Funnybones,Dance Mr. Funnybones,Fleeing the Complex,Video Game,Song,,
JACKIE'S BOX - FNAF MIMIC SONG,JACKIE'S BOX - FNAF MIMIC SONG,XTRATUNA,Content Creator,Song,,
Mood,Mood&|24kGoldn,24kGoldn,Artist,Song,,
Mood,Mood&|dior,iann dior,Artist,Song,,
GRIMACE,GRIMACE,CG5,Artist,Song,,
GRIMACE,GRIMACE,DHeusta,Artist,Song,,
imagine if ninja had a low taper fade,imagine if ninja had a low taper fade,ericdoa,Artist,Song,,
I Love Beijing Tiananmen,I Love Beijing Tiananmen,Hong Kong 97,Video Game,Song,,
I Like Your Booty (But I'm Not Gay),I Like Your Booty (But I'm Not Gay),Aqua Teen Hunger Force Colon Movie Film for Theaters,Film,Song,,
I'm a Gummy Bear (The Gummy Bear Song),I'm a Gummy Bear (The Gummy Bear Song),Gummib√§r&|00s Music,Artist,Song,,
ASS WE CAN,ASS WE CAN,Gachimuchi,Viral Video,Video,Meme,
Billy Herrington's Honorable Common Inaugural Address,Billy Herrington's Honorable Common Inaugural Address,Gachimuchi,Viral Video,Video,,
Plop Plop,Plop Plop,Teen Titans Go!,Animated Series,Song,,
Mothman exercises #1,Mothman exercises #1,Shin Megami Tensei V: Vengeance,Video Game,Song,,
Ran Ran Ru,Ran Ran Ru,McDonald's Japan,Company,Video,,
PoPiPo,PoPiPo,Lamaze-P,Artist,Song,,
e (Euler's Number),e (Euler's Number),Numberphile,Content Creator,Video,Sound,
All My Friends,All My Friends,Madeon,Artist,Song,,
Lady (Hear Me Tonight),Lady (Hear Me Tonight),Modjo,Artist,Song,,
hectopascal,hectopascal,Yuu Koito,Artist,Song,,
hectopascal,hectopascal,Touko Nanami,Artist,Song,,
Moves Like Jagger,Moves Like Jagger,Maroon 5,Artist,Song,,
Harder to Breathe,Harder to Breathe,Maroon 5,Artist,Song,,
Memories,Memories&|Maroon 5,Maroon 5,Artist,Song,,
Animals,"""Animals""&|Maroon 5",Maroon 5,Artist,Song,,
Woman,"""Woman""&|Maroon 5",Maroon 5,Artist,Song,,
Cold,Cold&|Maroon 5,Maroon 5,Artist,Song,,
Goofy Ahh Phonk (Bababooey type beat),Goofy Ahh Phonk (Bababooey type beat),Memnicus,Artist,Song,,
BROKE BOI X FEIN MIXX,BROKE BOI X FEIN MIXX,undergroundking47,Artist,Song,,
pizzaday.wmv,pizzaday.wmv,Rocco Botte,Content Creator,Video,,
pizzaday.wmv,"""Pizza Day""",Rocco Botte,Content Creator,Video,,
Big Chungus (The Slopster),Big Chungus (The Slopster),The Slopster,Viral Video,Song,,
NYR2_128_JHN_4BAR_Syrup.wav,NYR2_128_JHN_4BAR_Syrup.wav,Monster Rap Acapellas,Artist,Song,,
Vacation ,Vacation ,Dirty Heads,Artist,Song,,
Alone,Alone&|Marshmello,Marshmello,Artist,Song,,
tv off,tv off,Kendrick Lamar,Artist,Song,,
tv off,tv off,Lefty Gunplay,Artist,Song,,
A Bad Dream,A Bad Dream,EarthBound,Video Game,Song,,
Love You Everyday (Titancube Remix),Love You Everyday (Titancube Remix),Gammer,Artist,Song,,
Love You Everyday (Titancube Remix),Love You Everyday (Titancube Remix),Whizzkid,Artist,Song,,
Spiral Mountain,Spiral Mountain,Banjo-Kazooie,Video Game,Song,,
Hotline Bling,Hotline Bling,Drake,Artist,Song,,
575,575,Tanuki,Artist,Song,,
Title Theme & Ending,Title Theme & Ending,The Flintstones: The Rescue of Dino & Hoppy,Video Game,Song,,
Milky Sausage,Milky Sausage,Scott Brown,Artist,Song,,
City of Color,City of Color,Splatoon,Video Game,Song,,
Nintendo GameCube Startup,Nintendo GameCube Startup,Nintendo GameCube,Video Game,Song,,
Powerstorm,Powerstorm,Instigate,Artist,Song,,
Purple Lamborghini,Purple Lamborghini,Skrillex,Artist,Song,,
Purple Lamborghini,Purple Lamborghini,Rick Ross,Artist,Song,,
RIGHT IN,RIGHT IN,Skrillex,Artist,Song,,
Scary Monsters and Nice Sprites,Scary Monsters and Nice Sprites,Skrillex,Artist,Song,,
Bangarang,Bangarang,Skrillex,Artist,Song,,
Bangarang,Bangarang,Sirah,Artist,Song,,
Dirty Vibe,Dirty Vibe,Sirah,Artist,Song,,
Bass Slut,Bass Slut,S3RL,Artist,Song,,
Bass Slut,Bass Slut,Tamika,Artist,Song,,
Pepsiman,Pepsiman,Pepsi,Company,Song,,
The GiivaSunner Conspiracy,The GiivaSunner Conspiracy,Aztrosis,Content Creator,Video,,
High School of The Dead,High School of The Dead,Eufeion,Artist,Song,,
High School of The Dead,High School of The Dead,Relevant,Artist,Song,,
Bad Apple!!,Bad Apple!!,Touhou 4: Lotus Land Story,Video Game,Song,,
Snow Mountain,Snow Mountain,Super Mario 64,Video Game,Song,,
Meet the Flintstones,Meet the Flintstones,The Flintstones,Animated Series,Theme Song,,
Think About Music,Think About Music,Chris Fear,Artist,Song,,
Stronger,Stronger,Stonebank,Artist,Song,,
Snow halation,Snow halation,Œº's,Anime,Song,,
Back 2 Back,Back 2 Back,Sonic Rush,Video Game,Song,,
Axel F,Axel F,Crazy Frog,Artist,Song,,
Milestone ,Milestone ,Rhythmics,Artist,Song,,
Loud Nigra,Loud Nigra,Meme,Meme,Sound,Video,
I Found Love,I Found Love,Owl City,Artist,Song,,
Chase the Sun,Chase the Sun,Klubfiller,Artist,Song,,
Chase the Sun,Chase the Sun,Re-Con,Artist,Song,,
One Minute To Win It!,One Minute To Win It!,Disney Infinity,Video Game,Song,,
Neverland,Neverland,nanobii,Artist,Song,,
A Secret Course,A Secret Course,Super Mario Sunshine,Video Game,Song,,
All Star,All Star,Smash Mouth,Artist,Song,,
Walkin' on the Sun,Walkin' on the Sun,Smash Mouth,Artist,Song,,
Drop the Bass Now,Drop the Bass Now,P*Light,Artist,Song,,
Creative Exercise,Creative Exercise,Mario Paint,Video Game,Song,,
Who's been drawing dicks?,Who's been drawing dicks?,Vinesauce Joel,Content Creator,Video,Meme,
I Keep Holding On,I Keep Holding On,Dr,Artist,Song,,
My Hope Will Never Die,My Hope Will Never Die,Dr,Artist,Song,,
You & I (Rhythmics Riff Edit),You & I (Rhythmics Riff Edit),Darren Styles,Artist,Song,,
You & I (Rhythmics Riff Edit),You & I (Rhythmics Riff Edit),Gammer,Artist,Song,,
Tropical Resort (Act 1),Tropical Resort (Act 1),Sonic Colors (DS),Video Game,Song,,
K-On! opening,K-On! opening,K-On!,Anime,Song,,
Mr Krabs,Mr Krabs,SpongeBob SquarePants,Animated Series,Character,,
Electric Zoo,Electric Zoo,SpongeBob SquarePants,Animated Series,Song,,
Without You,Without You,Darren Styles,Artist,Song,,
Withou You,Withou You,Michael Scout,Artist,Song,,
Crank That,Crank That,Soulja Boy,Artist,Song,,
Battle! (Legendary Pok√©mon),Battle! (Legendary Pok√©mon),Pok√©mon Black & White,Video Game,Song,,
The key we've lost,The key we've lost,Hiroyuki Sawano,Artist,Song,,
singalong! Sing it with me!,singalong! Sing it with me!,The Loud House,Animated Series,Song,,
Luna Loud,Luna Loud,The Loud House,Animated Series,Character,,
Nuclear,Nuclear,Metal Gear Solid V: The Phantom Pain,Video Game,Song,,
Free Your Mind (Darren Styles Remix),Free Your Mind (Darren Styles Remix),CLSM,Artist,Song,,
Siren (Gisbo Remix),Siren (Gisbo Remix),Vicetone,Artist,Song,,
Gift for You,Gift for You,Celldweller,Artist,Song,,
Strike the Earth! (Plains of Passage),Strike the Earth! (Plains of Passage),Shovel Knight,Video Game,Song,,
Hotel Room Service,Hotel Room Service,Pitbull,Artist,Song,,
Culo,"""Culo""&|Pitbull",Pitbull,Artist,Song,,
Bojangles,Bojangles&|Pitbull,Pitbull,Artist,Song,,
The Anthem,The Anthem&|Pitbull,Pitbull,Artist,Song,,
Shut It Down,Shut It Down&|Pitbull,Pitbull,Artist,Song,,
Bojangles,Bojangles&|Pitbull,Pitbull,Artist,Song,,
I Know You Want Me (Calle Ocho),I Know You Want Me&|Pitbull,Pitbull,Artist,Song,,
Bon Bon,Bon Bon&|Pitbull,Pitbull,Artist,Song,,
Fireball,Fireball&|Pitbull,Pitbull,Artist,Song,,
Mr. Worldwide,Mr. Worldwide&|Pitbull,Pitbull,Artist,Song,,
Give Me Everything,Give Me Everything&|Pitbull,Pitbull,Artist,Song,,
Rain Over Me,Rain Over Me&|Pitbull,Pitbull,Artist,Song,,
Hey Baby (Drop It to the Floor),Hey Baby (Drop It to the Floor)&|Pitbull,Pitbull,Artist,Song,,
International Love,International Love&|Pitbull,Pitbull,Artist,Song,,
International Love,International Love&|Pitbull,Chris Brown,Artist,Song,,
Don't Stop the Party,Don't Stop the Party&|Pitbull,Pitbull,Artist,Song,,
Feel This Moment,Feel This Moment&|Pitbull,Pitbull,Artist,Song,,
Feel This Moment,Feel This Moment&|Pitbull,Christina Aguilera,Artist,Song,,
Outta Nowhere,Outta Nowhere&|Pitbull,Pitbull,Artist,Song,,
Last Night,Last Night&|Pitbull,Pitbull,Artist,Song,,
Fun,Fun&|Pitbull,Pitbull,Artist,Song,,
Fun,Fun&|Pitbull,Chris Brown,Artist,Song,,
Fireball,Fireball&|Pitbull,Pitbull,Artist,Song,,
Time of Our Lives,Time of Our Lives&|Pitbull,Pitbull,Artist,Song,,
Celebrate,Celebrate&|Pitbull,Pitbull,Artist,Song,,
Chi Chi Bon Bon,Chi Chi Bon Bon&|Pitbull,Pitbull,Artist,Song,,
Bad Man,Bad Man&|Pitbull,Pitbull,Artist,Song,,
Greenlight,Greenlight&|Pitbull,Pitbull,Artist,Song,,
Freedom,Freedom&|Pitbull,Pitbull,Artist,Song,,
Get Ready,Get Ready&|Pitbull,Pitbull,Artist,Song,,
Lit In The City,Lit In The City&|Pitbull,Pitbull,Artist,Song,,
JUMPIN,JUMPIN&|Pitbull,Pitbull,Artist,Song,,
Let's Take A Shot,Let's Take A Shot&|Pitbull,Pitbull,Artist,Song,,
Roof On Fire,Roof On Fire&|Pitbull,Pitbull,Artist,Song,,
Caf√© Con Leche,Caf√© Con Leche&|Pitbull,Pitbull,Artist,Song,,
It Takes 3,It Takes 3&|Pitbull,Pitbull,Artist,Song,,
Bojangles,Bojangles&|Pitbull,Pitbull,Artist,Song,,
Timber,Timber&|Pitbull,Pitbull,Artist,Song,,
Timber,Timber&|Pitbull,Ke$ha,Artist,Song,,
You Ain't Ready (Moomei Remix),You Ain't Ready (Moomei Remix),Macks Wolf,Artist,Song,,
The Nutshack (Intro),It's the Nutshack,The Nutshack,Animated Series,Song,,
Look At Me Now,Look At Me Now,Chris Brown,Artist,Song,,
Look At Me Now,Look At Me Now,Lil Wayne,Artist,Song,,
Senses,Senses,Dougal,Artist,Song,,
Senses,Senses,Gammer,Artist,Song,,
Heartbeat,Heartbeat,Childish Gambino,Artist,Song,,
smooooch„Éª‚àÄ„Éª,smooooch„Éª‚àÄ„Éª,beatmania IIDX 16 EMPRESS,Video Game,Song,,
Stay the Night,Stay the Night,Zedd,Artist,Song,,
Fucking Shit Music,Fucking Shit Music,Sy,Artist,Song,,
Fucking Shit Music,Fucking Shit Music,Joey Riot,Artist,Song,,
Careless Whisper,Careless Whisper,George Michael,Artist,Song,,
Trill Purple,Trill Purple,DJ Genki,Artist,Song,,
Unknown from M.E.,Unknown from M.E.,Sonic Adventure,Video Game,Song,,
Aphelion,Aphelion,Scandroid,Artist,Song,,
Who's Got Your Love,Who's Got Your Love,Stonebank,Artist,Song,,
Contagion,Contagion&|Circle of Dust,Circle of Dust,Artist,Song,,
Fallen,Fallen&|Technikore,Technikore,Artist,Song,,
Ringside,Ringside,Rhythm Heaven Fever,Video Game,Song,,
Ren'ai Circulation,Ren'ai Circulation,Bakemonogatari,Anime,Song,,
Elysium,Elysium,Rob Gasser,Artist,Song,,
Funky Town,Funky Town,Jakazid,Artist,Song,,
Encoder,Encoder,Pendulum,Artist,Song,,
Bang 2 Me Nasty (VIP Mix),Bang 2 Me Nasty (VIP Mix),Breeze & Modulate,Artist,Song,,
Brain Cleaner,Brain Cleaner,F-Zero GX,Video Game,Song,,
Artificial (Gammer Remix),Artificial (Gammer Remix),Transcend,Artist,Song,,
Prince Fleaswallow's RAP,Prince Fleaswallow's RAP,PaRappa the Rapper,Video Game,Song,,
Your Guiding Light,Your Guiding Light,Fracus,Artist,Song,,
Tom Riddle,Tom Riddle,Darren Styles,Artist,Song,,
Tom Riddle,Tom Riddle,Gammer,Artist,Song,,
Amoena,Amoena,T2KAZUYA,Artist,Song,,
Flat Zone 2,Flat Zone 2,Super Smash Bros. Brawl,Video Game,Song,,
Bonfire ,Bonfire ,Childish Gambino,Artist,Song,,
Noodles Can't Be Beat,Noodles Can't Be Beat,PaRappa the Rapper 2,Video Game,Song,,
Word Crimes,Word Crimes,"Weird Al"""" Yankovic""",Artist,Song,,
Pause Screen - Wario World,Pause Screen - Wario World,Wario World,Video Game,Song,,
Circus (,Circus (,Five Nights at Freddy's,Video Game,Song,,
Blue Planet,Blue Planet&|Hommarju,Hommarju,Artist,Song,,
Athletic Theme,Athletic Theme&|Super Mario World,Super Mario World,Video Game,Song,,
Witch Doctor,Witch Doctor,Ross Bagdasaran,Artist,Song,,
Basket Case,Basket Case,Green Day,Artist,Song,,
Put A Donk On It,Put A Donk On It,Blackout Crew,Artist,Song,,
GO MY WAY!!,GO MY WAY!!,Œº's,Anime,Song,,
2 Ghosts I,2 Ghosts I,Nine Inch Nails,Artist,Song,,
Get Busy,Get Busy,Sean Paul,Artist,Song,,
ALONE,ALONE&|XXXTENTACION,XXXTENTACION,Artist,Song,,
Is This a Dreamland?,Is This a Dreamland?,Yume Nikki,Video Game,Song,,
Start of Yume Nikki,Start of Yume Nikki,Yume Nikki,Video Game,Song,,
POKEMON GO SONG!!!,POKEMON GO SONG!!!,Misha,Content Creator,Song,Meme,
Lit Right Now - SYDNEY MCGEE REMIX,Lit Right Now - SYDNEY MCGEE REMIX,Sydney Frances,Artist,Song,,
Hot Cross Buns,Hot Cross Buns,Nursery Rhyme,Music,Song,,
Homer,Homer,The Simpsons,Animated Series,Character,,
Dr Zaius,Dr Zaius,The Simpsons,Animated Series,Song,,
Dr. Zaius,Dr. Zaius,The Simpsons,Animated Series,Song,,
"Happy Birthday, Lisa","Happy Birthday, Lisa",The Simpsons,Animated Series,Song,,
Buy Somethin' Will Ya!,Buy Somethin' Will Ya!,EarthBound,Video Game,Song,,
Itchy & Scratchy Theme Song,Itchy & Scratchy Theme Song,The Simpsons,Animated Series,Song,,
The Garbage Man,The Garbage Man,The Simpsons,Animated Series,Song,,
Gonna Paint Our Wagon,Gonna Paint Our Wagon,The Simpsons,Animated Series,Song,,
Family Guy Main Title,Family Guy Main Title,Family Guy,Animated Series,Theme Song,,
Rolex,Rolex,Ayo & Teo,Artist,Song,,
We Do (The Stonecutters' Song),We Do (The Stonecutters' Song),The Simpsons,Animated Series,Song,,
The Monorail Song,The Monorail Song,The Simpsons,Animated Series,Song,,
Friends 3,Friends 3,Kirby's Dream Land 3,Video Game,Song,,
Everyone Loves Ned Flanders,Everyone Loves Ned Flanders,The Simpsons,Animated Series,Song,,
The Simpsons Main Title Theme,The Simpsons Main Title Theme,The Simpsons,Animated Series,Theme Song,,
Fluffing a Duck,Fluffing a Duck,Kevin MacLeod,Artist,Royalty Free Song,,
Se√±or Burns,Se√±or Burns,The Simpsons,Animated Series,Song,,
Lisa's Song,Lisa's Song,The Simpsons,Animated Series,Song,,
King Of Wishful Thinking,King Of Wishful Thinking,Go West,Artist,Song,,
Underwater Wonderland,Underwater Wonderland,The Simpsons,Animated Series,Song,,
The Amendment Song,The Amendment Song,The Simpsons,Animated Series,Song,,
Where's my burrito?,Where's my burrito?,The Simpsons,Animated Series,Voiceline,,
Poochie Rap Song,Poochie Rap Song,The Simpsons,Animated Series,Song,,
The Fat In the Hat Song,The Fat In the Hat Song,The Simpsons,Animated Series,Song,,
Plow King,Plow King,The Simpsons,Animated Series,Song,,
Itchy & Scratchy Theme Song,Itchy & Scratchy Theme Song,The Simpsons,Animated Series,Theme Song,,
The Sign,"""The Sign""",Ace of Base,Artist,Song,,
Skinner & The Superintendent,Skinner & The Superintendent,The Simpsons,Animated Series,Video,,
SEYMOUR!,"""SEYMOUR!""",The Simpsons,Animated Series,Voiceline,,
Metal Beat,Metal Beat,Metal Monsters,Video Game,Song,,
We Put the Spring in Springfield,We Put the Spring in Springfield,The Simpsons,Animated Series,Song,,
Greenhorn Ruins,Greenhorn Ruins,Wario World,Video Game,Song,,
Lisa's Pony,Lisa's Pony,The Simpsons,Animated Series,Song,,
Tsurupettan,Tsurupettan,Silver Forest,Artist,Song,,
The Four Peters,The Four Peters,Family Guy,Animated Series,Video,,
"""Memories"" Impersonation Parody Cover in 10+ VOICES","""Memories"" Impersonation Parody Cover in 10+ VOICES",Wirah,Content Creator,Song,,
Raft Ride,Raft Ride,The Legend of Zelda: Link's Awakeneing,Video Game,Song,,
Duff Beer For Me,Duff Beer For Me,The Simpsons,Animated Series,Song,,
‰ªäÊó•„ÅØ„ÅäÊï£Ê≠©Êó•Âíå,‰ªäÊó•„ÅØ„ÅäÊï£Ê≠©Êó•Âíå,Noru,Artist,Song,,
Magic Bitch,Magic Bitch,Vylet Pony,Artist,Song,,
Here,"""Here""",Allesia Cara,Artist,Song,,
Fight Against Bowser,Fight Against Bowser,Super Mario RPG,Video Game,Song,,
World's Longest Reverb: Inchindown Musical Experiments,World's Longest Reverb: Inchindown Musical Experiments,Matt Gray,Content Creator,Video,,
"I'm Not Yo Daddy,""I'm Not Yo Daddy, I'm Yo Grandpa","I'm Not Yo Daddy,""I'm Not Yo Daddy, I'm Yo Grandpa",Geico,Commercial,Song,Video,
Skies Forever Blue,Skies Forever Blue,Toby Fox,Artist,Song,,
Skies Forever Blue,Skies Forever Blue,Itoki Hana,Artist,Song,,
Magolor's Shoppe,Magolor's Shoppe,Team Kirby Clash Deluxe,Video Game,Song,,
Astronaut in the Ocean,Astronaut in the Ocean,Masked Wolf,Artist,Song,,
Yankin,Yankin,Lady,Artist,Song,,
Searching For Clues,"""Searching For Clues""",Scooby-Doo, Where Are You!,Animated Series,Song,
Nasty,Nasty&|Tinashe,Tinashe,Artist,Song,,
Labyrinth Zone,Labyrinth Zone,Sonic the Hedgehog,Video Game,Song,,
"Ernst, Bobbie en de rest","Ernst, Bobbie en de rest","Ernst, Bobbie en de rest",TV Series,Theme Song,,
Chaoz Fantasy,Chaoz Fantasy,ParagonX9,Artist,Song,,
Dark Fantasy,Dark Fantasy,Kanye West,Artist,Song,,
Dullahan Under the Willows,Dullahan Under the Willows,Touhou 14: Double Dealing Character,Video Game,Song,,
OMORIBOY the PIRATE!!! ‚ò†Ô∏è‚ò†Ô∏è‚ò†Ô∏è,OMORIBOY the PIRATE!!! ‚ò†Ô∏è‚ò†Ô∏è‚ò†Ô∏è,UUN4,Ripper,Song,,
Space Jam,Space Jam,Space Jam,Film,Song,,
Judge Judy,Judge Judy,Judge Judy,TV Series,Theme Song,,
Feels So Good,Feels So Good,Chuck Mangione,Artist,Song,,
White and Nerdy,White and Nerdy,"Weird Al"""" Yankovic""",Artist,Song,,
Final Fall,"""Final Fall""",Fall Guys,Video Game,Song,,
Dancing Mad,Dancing Mad,Final Fantasy VI,Video Game,Song,,
She Heals Everything,She Heals Everything,Porter Robinson,Artist,Song,,
Shepherdess,Shepherdess,Porter Robinson,Artist,Song,,
Countdown Clock,Countdown Clock,Countdown,TV Series,Jingle,,
One More,"""One More""",SG Lewis & Nile Rodgers,Artist,Song,,
Star Light Zone,Star Light Zone, SOnic the Hedgehog,Video Game,Song,,
Tastes Good On Th' Bun,Tastes Good On Th' Bun,Ween,Artist,Song,,
Nasty Freestyle,Nasty Freestyle,T-Wayne,Artist,Song,,
GATE OF STEINER,GATE OF STEINER,Steins;Gate,Anime,Song,,
Song of the Ancients,Song of the Ancients,NieR,Video Game,Song,,
Surrender,"""Surrender""",Kygo,Artist,Song,,
Bright Spinning Planet,Bright Spinning Planet,Kirby Planet Robobot,Video Game,Song,,
Jib Jig,Jib Jig,Donkey Kong Country 2: Diddy's Kong Quest,Video Game,Song,,
Hamood Habibi,Hamood Habibi,Meme,Meme,Video,,
Sponge Bob,"""Sponge Bob""",Hamada Helal,Artist,Song,,
Absolute Territory,Absolute Territory,Ken Ashcorp,Artist,Song,,
Subways Of Your Mind,Subways Of Your Mind,Fex,Artist,Song,,
Smooth,"""Smooth""",Santana,Artist,Song,,
My Heart Will Go On,My Heart Will Go On,C√©line Dion,Artist,Song,,
PPAP,PPAP,Pikotaro,Artist,Song,,
Yellow,"""Yellow""&|Coldplay",Coldplay,Artist,Song,,
Adventure of a Lifetime,Adventure of a Lifetime&|Coldplay,Coldplay,Artist,Song,,
Clocks,"""Clocks""&|Coldplay",Coldplay,Artist,Song,,
Paradise,"""Paradise""&|Coldplay",Coldplay,Artist,Song,,
Durr Plant,Durr Plant,I Hate Everything,Content Creator,Video,Meme,
Gustavo Fring,Gustavo Fring,Breaking Bad,TV Series,Character,,
dat boi!!!!,dat boi!!!!,ZimoNitrome,Artist,Song,,
Dat Boi,Dat Boi,Meme,Meme,Video,,
Senbonzakura,Senbonzakura,Kurosa-P,Vocaloid,Song,,
Senbonzakura,Senbonzakura,Hatsune Miku,Vocaloid,Song,,
Gusty Garden Galaxy,Gusty Garden Galaxy,Super Mario Galaxy,Video Game,Song,,
Breaking the Habit,Breaking the Habit,Linkin Park,Artist,Song,,
Poker Face,Poker Face,Lady Gaga,Artist,Song,,
Sand Canyon 1,Sand Canyon 1,Kirby's Dream Land 3,Video Game,Song,,
HOT TO GO!,HOT TO GO!,Chappell Roan,Artist,Song,,
Rebel Fanfare,Rebel Fanfare,Star Wars: Episode IV ‚Äì A New Hope,Film,Song,,
Stuck Inside,Stuck Inside,Black Gryph0n,Artist,Song,,
Five Nights at Freddy's 1 Song,Five Nights at Freddy's&|The Living Tombstone,The Living Tombstone,Artist,Song,,
The Throne Room and End Title,The Throne Room and End Title,Star Wars: Episode IV ‚Äì A New Hope,Film,Song,,
Fazbear Hills,Fazbear Hills,FNaF World,Video Game,Song,,
Not Allowed,"""Not Allowed""",TV Girl,Artist,Song,,
Come Fly With Me,"""Come Fly With Me""",Frank Sinatra,Artist,Song,,
Showtime (Original Mix),Showtime (Original Mix),Homestuck,Web Series,Song,,
voiceless,voiceless,SiIvaGunner,Content Creator,Song,,
DJ TOENAIL back on the grind again,DJ TOENAIL back on the grind again,zlawls,Social Media,Video,,
Thousand March,"""Thousand March""",Pizza Tower,Video Game,Song,,
Night of Nights,Night of Nights,beatMARIO,Artist,Song,,
STAY,STAY,The Kid LAROI,Artist,Song,,
STAY,STAY,Justin Bieber,Artist,Song,,
Subways Of Your Mind,Subways Of Your Mind,FEX,ARtist,Song,,
Falling,"""Falling""",Julee Cruise,Artist,Song,,
Blinding Lights,Blinding Lights,The Weeknd,Artist,Song,,
Ash Again,Ash Again,Gawr Gura,V-Tuber,Song,,
Sharkventure!!,Sharkventure!!,Camellia,Artist,Song,,
High Above the Land (The Flying Machine),High Above the Land (The Flying Machine),Shovel Knight,Video Game,Song,,
U Got That,U Got That,Halogen,Artist,Song,,
Pumpkin,Pumpkin&|Newer Super Mario Bros,Newer Super Mario Bros. Wii,Video Game,Song,,
hand crushed by a mallet,hand crushed by a mallet,100 gecs,Artist,Song,,
Fireflies,"""Fireflies""",Owl City,Artist,Song,,
clair de lune,clair de lune,ESCHATOS,Video Game,Song,,
Clair de lune,Clair de lune,Claude Debussy,Composer,Song,,
Ghost of Love,Ghost of Love,David Lynch,Artist,Song,,
Machine Gun,"""Machine Gun""",Portishead,Artist,Song,,
What‚Äôs a Girl to Do,What‚Äôs a Girl to Do,Cristina,Artist,Song,,
REFLECT,"""REFLECT""",Gawr Gura,V-Tuber,Song,,
Triple Baka,"""Triple Baka""",Hatsune Miku,Vocaloid,Song,,
Lizzie McGuire Theme,Lizzie McGuire Theme,Lizze McGuire,TV Series,Theme Song,,
"My Soul,""My Soul, Your Beats!",Angel Beats,Anime,Song,,,
Shadow,"""Shadow""",Chromatics,Artist,Song,,
Drop It Like It's Hot,Drop It Like It's Hot,Snoop Dogg,Artist,Song,,
Daytona.The Midnight,"""Daytona""",The Midnight,Artist,Song,,
It's Gonna Be Me,It's Gonna Be Me,NSYNC,Artist,Song,,
Goodbye to a World,Goodbye to a World,Porter Robinson,Artist,Song,,
It's just a burning memory,It's just a burning memory,The Caretaker,Artist,Song,,
Halcyon Memories,"""Halcyon Memories""",Rain World,Video Game,Song,,
Heal,"""Heal""",OMORI,Video Game,Song,,
The Fun House,"""The Fun House""",Spider-Man (Genesis),Video Game,Song,,
The Holy Grail Theme,"""The Holy Grail Theme""",Indiana Jones and the Last Crusade,Film,Motif,,
Never Gonna Give You Up,Never Gonna Give You Up,Rick Astley,Artist,Song,,
Do You Wanna Fly,Do You Wanna Fly,Norma Sheffield,Artist,Song,,
Live & Learn,Live & Learn,Sonic Adventure 2,Video Game,Song,,
Chainlink Charge,Chainlink Charge,Super Mario 3D World,Video Game,Song,,
Gentle Breeze,"""Gentle Breeze""",Trauma Center: Under the Knife 2,Video Game,Song,,
Raid,"""Raid""",Madvillain,Artist,Song,,
The New Workout Plan,The New Workout Plan,Kanye West,Artist,Song,,
Where Everybody Knows Your Name,Where Everybody Knows Your Name,Gary Portnoy,Artist,Song,,
Goldenrod City,Goldenrod City,Pok√©mon Gold & Silver,Video Game,Song,,
Pain,"""Pain""",PinkPantheress,Artist,Song,,
Down To Earth,"""Down To Earth""",Peter Gabriel,Artist,Song,,
mumei,"""mumei""",Nanashi Mumei,V-Tuber,Song,,
The Mollusk,"""The Mollusk""",Ween,Artist,Song,,
Time: The Donut of the Heart,Time: The Donut of the Heart,J Dilla,Artist,Song,,
The Dream Discoveries Tour,The Dream Discoveries Tour,Kirby and the Forgotten Land,Video Game,Song,,
Home,Home&|Madeon,Madeon,Artist,Song,,
Rainbow Tylenol,Rainbow Tylenol,Kitsune¬≤,Artist,Song,,
Lookie! You've found a steamy surprise.,Lookie! You've found a steamy surprise.,Sugary Spire,Video Game,Song,,
100 Sunny,100 Sunny,OMORI,Video Game,Song,,
I Will Always Remember You,I Will Always Remember You,Miley Cyrus,Artist,Song,,
Langit Ang Ibigin Ka,Langit Ang Ibigin Ka,Jolina Magdangal,Artist,Song,,
Unbreakable Determination,Unbreakable Determination,Ninja Gaiden,Video Game,Song,,
Whistle,"""Whistle""",Flo Rida,Artist,Song,,
First Steps,"""First Steps""",Celeste,Video Game,Song,,
Rock My Emotions,Rock My Emotions,Kitsune¬≤,Artist,Song,,
hmmm look what u done did you found a secret :),hmmm look what u done did you found a secret :),Pizza Tower,Video Game,Song,,
SPIDEY N BADMAN CLAP THEM THIGHS,SPIDEY N BADMAN CLAP THEM THIGHS,Meme,Meme,Video,,
Squeeze,"""Squeeze""",Fifth Harmony,Artist,Song,,
Ain't It Funny,"""Ain't It Funny""",Danny Brown,Artist,Song,,
My House,"""My House""",Flo Rida,Artist,Song,,
One-Winged Angel,One-Winged Angel,Final Fantasy VII,Video Game,Song,,
Raindrop Flower,"""Raindrop Flower""",Maple Story,Video Game,Song,,
The Girl from Ipanema,The Girl from Ipanema,Ant√¥nio Carlos Jobim,Artist,Song,,
The Girl from Ipanema,The Girl from Ipanema,Vin√≠cius de Moraes,Artist,Song,,
Grassland Theme,Grassland Theme&|Wonder,Super Mario Bros. Wonder,Video Game,Song,,
Corridors of Time,Corridors of Time,Chrono Trigger,Video Game,Song,,
Suit & Tie,Suit & Tie,Justin Timberlake,Artist,Song,,
Suit & Tie,Suit & Tie, JAY-Z,Artist,Song,,
Be Nice 2 Me,Be Nice 2 Me,Bladee,Artist,Song,,
Crank Dat Super Mario,Crank Dat Super Mario,Crank Squad,Artist,Song,,
Double Life,Double Life&|Pharell,Pharrell Williams,Artist,Song,,
Come Together,Come Together&|Beatles,The Beatles,Artist,Song,,
Broccoli,Broccoli&|DRAM,DRAM,Artist,Song,,
Broccoli,Broccoli&|DRAM,Lil Yachty,Artist,Song,,
The Yoshi Clan,The Yoshi Clan,Yoshi's New Island,Video Game,Song,,
Valley of the Damned,Valley of the Damned&|DragonForce,DragonForce,Artist,Song,,
Your Love,Your Love&|Outfield,The Outfield,Artist,Song,,
Red Wine Supernova,Red Wine Supernova,Chappell Roan,Artist,Song,,
Spoiled little brat,Spoiled little brat&|underscores,underscores,Artist,Song,,
Doin' Your Mom,Doin' Your Mom,Fatty Spins,Artist,Song,,
Can't Hold Us,Can't Hold Us,Macklemore & Ryan Lewis,Artist,Song,,
Wood Man Stage,Wood Man Stage,Mega Man 2,Video Game,Song,,
mm2wood,mm2wood,Mega Man 2,Video Game,MIDI,Song,
The Lick,The Lick,Jazz Music,Music,Lick,,
Daddy,Daddy&|PSY,Psy,Artist,Song,,
"Truth, Beauty and Hatred","Truth, Beauty and Hatred",Hollow Knight,Video Game,Song,,
O que Pensa que Eu Sou,O que Pensa que Eu Sou,Banda Djav√∫,Artist,Song,,
Unfabulous,Unfabulous&|show,Unfabulous,TV Series,Song,Theme Song,
Me at the zoo,Me at the zoo,Jawed Karim,Viral Video,Video,,
Elephant,Elephant&|Tame Impala,Tame Impala,Artist,Song,,
San Diego Zoo,San Diego Zoo,The 6ths,Artist,Song,,
San Diego Zoo,San Diego Zoo,Barbara Manning,Artist,Song,,
Daisy Bell,Daisy Bell,Harry Dacre,Artist,Song,,
Zoo Boo,Zoo Boo,Parry Gripp,Artist,Song,,
Stingy,Stingy&|a voice,Lazy Town,TV Series,Character,,
The Amazing World of Gumball End Credits,credits&|The Amazing World of Gumball,The Amazing World of Gumball,Animated Series,Song,,
Welcome to the Zoo,Welcome to the Zoo&|Putt,Putt-Putt Saves the Zoo,Video Game,Song,,
Save The Animals,Save The Animals&|Accounting,Accoutning+,Video Game,Song,,
Don't Forget,Don't Forget&|Deltarune,Deltarune,Video Game,Song,,
Bonus Level (Plok),Bonus Level&|Plok,Plok,Video Game,Song,,
Other (yungatita),Other&|yungatita,yungatita,Artist,Song,,
Mega Man (Jay Eazy),Mega Man&|Jay Eazy,Jay Eazy,Artist,Song,,
Respect Your Elders,Respect Your Elders&|Jay Eazy,Jay Eazy,Artist,Song,,
London Beckoned Songs About Money Written by Machines,London Beckoned Songs About Money Written by Machines,Panic! At The Disco,Artist,Song,,
But It‚Äôs Better If You Do,But It‚Äôs Better If You Do,Panic! At The Disco,Artist,Song,,
Obama (Lil Pump),Obama&|Lil Pump,Lil Pump,Artist,Song,,
Barack Obama vs Mitt Romney,Barack Obama vs Mitt Romney,Epic Rap Battles,Content Creator,Video,Song,
Whoopty,Whoopty&|CJ,CJ,Artist,Song,,
No More Nuzzles,No More Nuzzles,UNDERTALE: Halloween Hack,Video Game,Song,,
Once in a Lifetime,Once in a Lifetime&|Talking Heads,Talking Heads,Artist,Song,,
Once in a Lifetime (Muppets),Once in a Lifetime&|Muppets,Muppets Tonight,TV Series,Song,,
Old money bitch,Old money bitch,underscores,Artist,Song,,
The Noble Haltmann,The Noble Haltmann,Kriby: Planet Robobot,Video Game,Song,,
Game with Rabbit,Game with Rabbit,Othello World,Video Game,Song,,
Watch Me (Whip/Nae Nae),Nae Nae,Silent√≥,Artist,Song,,
New Friendly,‚ÄúNew Friendly‚Äù,Kevin MacLeod,Artist,Song,Royalty Free,
Who Likes To Party,‚ÄúWho Likes To Party‚Äù,Kevin MacLeod,Artist,Song,Royalty Free,
Area Zero,Area Zero,Pok√©mon Scarlet & Violet,Video Game,Song,,
Griddy dance,Griddy dance,pix3lface,Viral Video,Video,,
P-R-O-G-R-A-M,P-R-O-G-R-A-M,Kirby Planet Robobot,Video Game,Song,,
„ÅÑ„Å§„ÇÇ„Å©„Çì„Å™„Å®„Åç„ÇÇ„ÄÅÂÖ®Âì°„ÅÆ„Åü„ÇÅ„Å´,„ÅÑ„Å§„ÇÇ„Å©„Çì„Å™„Å®„Åç„ÇÇ„ÄÅÂÖ®Âì°„ÅÆ„Åü„ÇÅ„Å´,Love Live! School Idol Project,Anime,Song,,
Beat in Angel,Beat in Angel,'Love Live! TV Anime Blu-ray,Anime,Song,,
Aishiteru Banzai!,Aishiteru Banzai!,Love Live!,Anime,Song,,
Light Year (BUNT. Remix),Light Year&|BUNT.,Adam Melchor & Lennon Stella,Artist,Song,,
Walking In L.A.,Walking In L.A.,Missing Persons,Artist,Song,,
Daring!!,Daring!!&|Love Live!,Love Live!,Anime,Song,,
Tequila,Tequila,The Champs,Artist,Song,,
Diamond Princess no Yuuutsu,Diamond Princess no Yuuutsu,Love Live!,Anime,Song,,
Family Matters,Family Matters,Drake,Artist,Song,,
Merry-Go-Round,Merry-Go-Round&|Mario 64,Super Mario 64,Video Game,Song,,
Amphibia Main Title Theme,Amphibia Main Title Theme,Amphibia,Animated Series,Song,,
WWE: I Won't Do What You Tell Me (Stone Cold Steve Austin) (Original Theme),WWE: I Won't Do What You Tell Me (Stone Cold Steve Austin) (Original Theme),Jim Johnston,Artist,Song,,
Blazing Kinnikuman,Blazing Kinnikuman,Kinnikuman,Anime,Song,,
Local Forecast,Local Forecast,Kevin MacLeod,Artist,Song,Royalty Free,
Foreigner in Zeal (Flooded Caves),Foreigner in Zeal (Flooded Caves),The Binding of Isaac: Antibirth,Video Game,Song,,
Lil Nuggit,Lil Nuggit,Chi-Chi,Artist,Song,,
Hey Jude,Hey Jude,The Beatles,Artist,Song,,
Neko Matsuri,Neko Matsuri,Irodorimidori,Anime,Song,,
"Get Up I Feel Like Being Like A Sex Machine, Pts. 1 & 2","Get Up I Feel Like Being Like A Sex Machine, Pts. 1 & 2",James Brown,Artist,Song,,
Saidai Seichi Carnival,Saidai Seichi Carnival,Lucky Star,Anime,Song,,
The Nutshack (Intro),The Nutshack Intro,The Nutshack,Animated Series,Song,Theme Song,
Pinball Number Count,Pinball Number Count,Sesame Street,TV Series,Song,,
Pinball Number Count,Pinball Number Count&|Pointer Sisters,Pointer Sisters,Artist,Song,,
Mocha,Mocha&|Hyp3rsleep,Hyp3rsleep,Artist,Song,,
Lagtrain,Lagtrain,inabakumori,Vocaloid,Song,,
My Shiny Teeth And Me,My Shiny Teeth And Me,The Fairly OddParents,Animated Series,Song,,
Watch Me (Whip/Nae Nae) (Nickelodeon Labor Day weekend),Nae Nae&|Nickelodeon Labor,Nickelodeon,Company,Song,,
Main Theme (Balatro),Main Theme&|Balatro,Balatro,Video Game,Song,,
Avril 14th,Avril 14th,Aphex Twin&|Electronic Music,Artist,Song,,
Xtal,Xtal,Aphex Twin&|Electronic Music,Artist,Song,,
Hard Technology Rock,Hard Technology Rock,Half-Life,Video Game,Song,,
Windowlicker,Windowlicker,Aphex Twin&|Electronic Music,Artist,Song,,
#16,#16&|Aphex,Aphex Twin&|Electronic Music,Artist,Song,,
Grey Stripe,Grey Stripe&|Aphex,Aphex Twin&|Electronic Music,Artist,Song,,
Polynomial-C,Polynomial-C,Aphex Twin&|Electronic Music,Artist,Song,,
sk8 littletune HS-PC202,sk8 littletune HS-PC202,Aphex Twin&|Electronic Music,Artist,Song,,
Bucephalus Bouncing Ball,Bucephalus Bouncing Ball,Aphex Twin&|Electronic Music,Artist,Song,,
#19,#19&|Aphex,Aphex Twin&|Electronic Music,Artist,Song,,
Stone in Focus,Stone in Focus,Aphex Twin&|Electronic Music,Artist,Song,,
PAPAT4 [155] (pineal mix),PAPAT4 [155] (pineal mix),Aphex Twin&|Electronic Music,Artist,Song,,
Donkey Rhubarb,Donkey Rhubarb,Aphex Twin&|Electronic Music,Artist,Song,,
4 (Aphex Twin&|Electronic Music),4&|Aphex Twin&|Electronic Music,Aphex Twin&|Electronic Music,Artist,Song,,
#3,#3&|Aphex Twin&|Electronic Music,Aphex Twin&|Electronic Music,Artist,Song,,
Stop posting about Among Us!,Stop posting about Among Us!,biggayrapper,Viral Video,Video,,
Among Us Trap Remix,Among Us Trap Remix,Leonz,Artist,Song,,
Fresh,Fresh&|Friday Night Funkin,Friday Night Funkin',Video Game,Song,,
#12,#12&|Aphex Twin&|Electronic Music,Aphex Twin&|Electronic Music,Artist,Song,,
White Blur 1,White Blur 1,Aphex Twin&|Electronic Music,Artist,Song,,
s950tx16wasr10 [163.97] (earth portal mix),s950tx16wasr10 [163.97] (earth portal mix),Aphex Twin&|Electronic Music,Artist,Song,,
Ventolin (Video Version),Ventolin (Video Version),Aphex Twin&|Electronic Music,Artist,Song,,
73 Yips,73 Yips,Aphex Twin&|Electronic Music,Artist,Song,,
54 Cymru Beats,54 Cymru Beats,Aphex Twin&|Electronic Music,Artist,Song,,
Fortnite (Diverse Character),Fortnite&|Diverse Character,Diverse Character,Artist,Song,,
Alberto Balsalm,Alberto Balsalm,Aphex Twin&|Electronic Music,Artist,Song,,
Come to Daddy,Come to Daddy&|Aphex Twin&|Electronic Music,Aphex Twin&|Electronic Music,Artist,Song,,
Pulsewidth,Pulsewidth&|Aphex Twin&|Electronic Music,Aphex Twin&|Electronic Music,Artist,Song,,
180db_,180db_,Aphex Twin&|Electronic Music,Artist,Song,,
Petiatil Cx Htdui,Petiatil Cx Htdui,Aphex Twin&|Electronic Music,Artist,Song,,
Squanny Smooth Jazz,Squanny Smooth Jazz,SpongeBob SquarePants,Animated Series,Song,,
BOMB,BOMB&|¬•$,¬•$,Artist,Song,,
BOMB,BOMB&|Yuno Miles,Yuno Miles,Artist,Song,,
Daylight,Daylight&|Drake,Drake,Artist,Song,,
The Disaster of Passion (May's Theme),The Disaster of Passion (May's Theme),Guilty Gear Strive,Video Game,Song,,
Lonely Rolling Star,Lonely Rolling Star,Katamari Damacy,Video Game,Song,,
I'm Han Solo,I'm Han Solo,Kinect Star Wars,Video Game,Song,,
Mask,[[Mask]],Dream,Content Creator,Song,,
Is There Really No Happiness?,Is There Really No Happiness?,Porter Robinson,Artist,Song,,
Trap Queen,Trap Queen,Fetty Wap,Artist,Song,,
U Was At The Club (Bottoms Up),U Was At The Club (Bottoms Up),The BoyBoy West Coast,Artist,Song,,
Tipsy,Tipsy&|clipping,clipping.,Artist,Song,,
Worst Beat Ever Created,Worst Beat Ever Created,DistantCry,Artist,Song,,
YO-KAI Disco (Hell's Entrance World),YO-KAI Disco (Hell's Entrance World),Mamorukun Curse!,Video Game,Song,,
Discord Notification,notification&|Discord,Discord,Software,Song,,
Desire Drive,Desire Drive,Touhou 13: Ten Desires,Video Game,Song,,
Sad Past,Sad Past&|Silent Partner,Silent Partner,Artist,Song,,
Take On Me,Take On Me,a-ha,Artist,Song,,
Pollyanna,Pollyanna,EarthBound Beginnings/MOTHER,Artist,Song,,
Candy Mountain,Candy Mountain&|Kirby Super Star,Kirby Super Star,Video Game,Song,,
Cupid,Cupid&|FIFTY FIFTY,FIFTY FIFTY,Artist,Song,,
Got A Lil Older,Got A Lil Older,SpotemGottem,Artist,Song,,
Got A Lil Older,Got A Lil Older,Hurricane Wisdom,Artist,Song,,
—Ç—ë–ª–∫–∞-–¥—Ä–µ–π–Ω (drain-girl),—Ç—ë–ª–∫–∞-–¥—Ä–µ–π–Ω (drain-girl),T1hxN,Artist,Song,,
Creature City,Creature City,Vylet Pony,Artist,Song,,
Forr√≥ (style),forr√≥&|arrangement,Music Style,Music,Style,,
La noia,La noia,Angelina Mango,Artist,Song,,
ERICDOA SINGS HIS HEART OUT FOR 2 HOURS LIVE! (WITH CHAT),ERICDOA SINGS HIS HEART OUT FOR 2 HOURS LIVE!,ericdoa,Artist,Song,,
Squidward Yell,Squidward Yell,Dylan Wyatt Gordon Beats,Content Creator,Song,,
Per tutte le volte che...,Per tutte le volte che...,Valerio Scanu,Artist,Song,,
Back To December,Back To December,Taylor Swift,Artist,Song,,
Intro Theme (International Superstar Soccer 64),Intro Theme&|International Superstar Soccer 64,International Superstar Soccer 64,Video Game,Song,,
Item Bounce,Item Bounce&|Kirby Air Ride,Kirby Air Ride,Video Game,Song,,
Vacation,[[Vacation]],Dirty Heads,Artist,Song,,
come again,come again&|m-flo,m-flo,Artist,Song,,
Round and Round,Round and Round&|Lee Soo-in,Lee Soo-in,Artist,Song,,
Potential for Anything,Potential for Anything,VVVVVV,Video Game,Song,,
„É©„Ç§„Ç¢„Éº„ÉÄ„É≥„Çµ„Éº (Liar Dancer),„É©„Ç§„Ç¢„Éº„ÉÄ„É≥„Çµ„Éº (Liar Dancer),masarada,Vocaloid,Song,,
„É©„Ç§„Ç¢„Éº„ÉÄ„É≥„Çµ„Éº (Liar Dancer),„É©„Ç§„Ç¢„Éº„ÉÄ„É≥„Çµ„Éº (Liar Dancer),Kasane Teto,Vocaloid,Song,,
Entrance of the Gladiators,Entrance of the Gladiators,Julius Fuƒç√≠k,Composer,Song,,
Big City Life,Big City Life,Bomb Rush Cyberfunk,Video Game,Song,,
"Goodbye Summer, Hello Winter","Goodbye Summer, Hello Winter",FantomenK,Artist,Song,,
Rainbow Route,Rainbow Route,Kirby & The Amazing Mirror,Video Game,Song,,
Intro Stage (Kirby & The Amazing Mirror),Intro Stage&|Kirby & The Amazing Mirror,Kirby & The Amazing Mirror,Video Game,Song,,
BROKE FEIN,BROKE FEIN&|BOM,BOM,Artist,Song,,
I Can't Hear Out Of My Left Ear,I Can't Hear Out Of My Left Ear,Aunty Donna,Comedian,Song,,
B√£tut√£ Din Moldova,B√£tut√£ Din Moldova,Rabbids Go Home,Video Game,Song,,
Jesus Skit,Jesus Skit,Chief Keef,Artist,Song,,
War,War&|Chief Keef,Chief Keef,Artist,Song,,
ROT FOR CLOUT,ROT FOR CLOUT,Jamie Paige,Content Creator,Song,,
ROT FOR CLOUT,ROT FOR CLOUT,Kasane Teto,Vocaloid,Song,,
Inside a Cradle Overflowing with Light,Inside a Cradle Overflowing with Light,CLANNAD,Video Game,Song,,
Hotel California,Hotel California,Eagles,Artist,Song,,
Gods Plant,Gods Plant,Rockit Music,Artist,Song,,
„É°„Ç∫„Éû„É©„Ç§„Ç∂„Éº (Mesmerizer),„É°„Ç∫„Éû„É©„Ç§„Ç∂„Éº (Mesmerizer),„Çµ„ÉÑ„Ç≠ (32ki),Vocaloid,Song,,
Ready To Die,Ready To Die&|Andrew,Andrew W.K.,Artist,Song,,
We Are the Kids,We Are the Kids,WALK THE MOON,Artist,Song,,
Nut Jump Dreams,Nut Jump Dreams,cjya,Artist,Song,,
Johnny,Johnny&|Suicide,Suicide,Artist,Song,,
Main Title (Banjo-Kazooie),Main Title&|Banjo-Kazooie,Banjo-Kazooie,Video Game,Song,,
luther,luther&|Kendrick,Kendrick Lamar,Artist,Song,,
Ocean Man,Ocean Man&|Ween,Ween,Artist,Song,,
Dark Side of Fate,Dark Side of Fate,Touhou 10: Mountain of Faith,Video Game,Song,,
The Princess and the Clock,The Princess and the Clock,Kero Kero Bonito,Artist,Song,,
"Hey, Soul Sister","Hey, Soul Sister",Train,Artist,Song,,
Never Ending Story,Never Ending Story&|Limahl,Limahl,Artist,Song,,
MOTHER 3 Love Theme,MOTHER 3 Love Theme,MOTHER 3,Video Game,Song,,
If You Were Gay,If You Were Gay,Avenue Q,Artist,Song,,
THE HOLY,THE HOLY,Deltarune,Video Game,Song,,
„Åó„ÅÜ (SIU),„Åó„ÅÜ (SIU),MARETU,Artist,Song,,
„Åó„ÅÜ (SIU),„Åó„ÅÜ (SIU),Hatsune Miku,Vocaloid,Song,,
Chicken Fried,Chicken Fried,Zac Brown Band,Artist,Song,,
Soldier (Team Fortress 2),Soldier&|Team Fortress 2,Team Fortress 2,Video Game,Song,,
Hai Yorokonde,Hai Yorokonde,Kocchi no Kento,Artist,Song,,
Low,[[Low]],Flo Rida,Artist,Song,,
Menu Theme (Battleblock Theater),Menu Theme&|Battleblock,Battleblock Theater,Artist,Song,,
Tribute,Tribute&|Tenacious D,Tenacious D,Artist,Song,,
Chicken jockey!,Chicken jockey!,A Minecraft Movie,Film,Meme,Voiceline,
Chicken jockey!,Chicken jockey!,Jack Black,Actor,Meme,Voiceline,
Bad Romance,Bad Romance,Lady Gaga,Artist,Song,,
The Concept of Love,Concept of Love,Hideki Naganuma&|Video Game Music,Artist,Song,,
Rude Buster,Rude Buster&|Deltarune,Toby Fox&|Video Game Music,Artist,Song,,
Without Me,Without Me&|Eminem,Eminem&|Rap Music,Artist,Song,,
Lose Yourself,lose Yourself&|Eminem,Eminem&|Rap Music,Artist,Song,,
Just Lose It,Just Lose It&|Eminem,Eminem&|Rap Music,Artist,Song,,
My Band,My Band&|D12,D12,Artist,Song,,
Teenage Dream,Teenage Dream&|Katy Perry,Katy Perry&|2010s Music,Artist,Song,,
Last Friday Night (T.G.I.F.),Last Friday Night&|Katy Perry,Katy Perry&|2010s Music,Artist,Song,,
California Gurls,California Gurls&|Katy Perry,Katy Perry&|2010s Music,Artist,Song,,
Thriller,Thriller&|Michael Jackson,Michael Jackson,Artist,Song,,
Smooth Criminal,Smooth Criminal&|Michael Jackson,Michael Jackson,Artist,Song,,
Billie Jean,Billie Jean&|Michael Jackson,Michael Jackson,Artist,Song,,
Black Or White,Black Or White&|Michael Jackson,Michael Jackson,Artist,Song,,
Stranger In Moscow,Stranger In Moscow&|Michael Jackson,Michael Jackson,Artist,Song,,
West End Girls,West End Girls,Pet Shop Boys,Artist,Song,,
Live and Let Die,Live and Let Die&|Guns,Guns N‚Äô Roses,Artist,Song,,
Purple Rain,Purple Rain&|Prince,Prince,Artist,Song,,
1999,1999&|Prince,Prince,Artist,Song,,
Boyfriend,Boyfriend&|Big Time Rush,Big Time Rush,Artist,Song,,
Big Time Rush,"""Big Time Rush""",Big Time Rush,Artist,Song,,
Mercy,Mercy&|Jonas Brothers,Jonas Brothers,Artist,Song,,
Nonstop,Nonstop&|Drake,Drake,Artist,Song,,
Joga Bonito,Joga Bonito,AJ Tracey,Artist,Song,,
Mask Off,Mask Off&|Future,Future&|2010s Music,Artist,Song,,
Mask Off,Mask Off&|Future,Future&|2010s Music,Artist,Song,,
Sugarcane Remix,Sugarcane Remix,Camidoh,Artist,Song,,
Suzanne,Suzanne&|Raye,RAYE&|Mark Ronson,Artist,Song,,
Suzume,Suzume&|RADWIMPS,RADWIMPS,Artist,Song,,
„Çπ„Éë„Éº„ÇØ„É´ (Sparkle),Sparkle&|RADWIMPS,RADWIMPS,Artist,Song,,
Domino,Domino&|Jessie J,Jessie J,Artist,Song,,
Windy Summer,Windy Summer&|Anri,Anri&|J-Pop,Artist,Song,,
Shyness Boy,Shyness Boy&|Anri,Anri&|J-Pop,Artist,Song,,
Shyness Boy,SHYNESS BOY&|Anri,Anri&|J-Pop,Artist,Song,,
Thunderstruck,Thunderstruck&|AC,AC/DC&|Rock Music,Artist,Song,,
No Role Modelz,No Role Modelz,J. Cole&|Rap Music,Artist,Song,,
Ezio's Family,Ezio's Family,Assassin's Creed 2&|Jesper Kyd,Video Game,Song,,
One Last Kiss,One Last Kiss&|Evangelion,Evangelion: 3.0+1.0,Anime,Song,,
Hope,Hope&|One Piece,One Piece,Anime,Song,,
Europa,Europa&|Joost,Joost,Artist,Song,,
We Bring The BOOM!,We Bring The BOOM!,A.J. & Big Justice,Content Creator,Song,,
Do Ya Thing,Do Ya Thing&|Gorillaz,Gorillaz,Artist,Song,,
The Doctor's Theme,The Doctor's Theme&|Doctor Who,Doctor Who,TV Series,Theme Song,,
The Doctor's Theme,Doctor Who Theme,Doctor Who,TV Series,Theme Song,,
Little Lies,Little Lies&|Fleetwood Mac,Fleetwood Mac,Artist,Song,,
The Chain,The Chain&|Fleetwood Mac,Fleetwood Mac,Artist,Song,,
Boulevard of Broken Dreams,Boulevard of Broken Dreams,Green Day,Artist,Song,,
Buddy Holly,Buddy Holly,Weezer,Artist,Song,,
X Gon' Give It To Ya,X Gon' Give It To Ya,DMX&|Rap Music,Artist,Song,,
Emote: Dance Moves,Emote: Dance Moves,Fortnite,Video Game,Song,Dance,
Mr. Brightside,Mr. Brightside,The Killers,Artist,Song,,
Key,"""Key""&|Minecraft",Minecraft&|Video Game Music,Video Game,Song,,
Door,"""Door""&|Minecraft",Minecraft&|Video Game Music,Video Game,Song,,
Death,"""Death""&|Minecraft",Minecraft&|Video Game Music,Video Game,Song,,
Subwoofer Lullaby,Subwoofer Lullaby&|Minecraft,Minecraft&|Video Game Music,Video Game,Song,,
Wet Hands,Wet Hands&|Minecraft,Minecraft&|Video Game Music,Video Game,Song,,
Wet Hands,Wet Hands&|Minecraft,C418,Artist,Song,,
Living Mice,Living Mice&|Minecraft,Minecraft&|Video Game Music,Video Game,Song,,
Moog City,Moog City&|Minecraft,Minecraft&|Video Game Music,Video Game,Song,,
Haggstrom,Haggstrom&|Minecraft,Minecraft&|Video Game Music,Video Game,Song,,
Minecraft,"""Minecraft"" from&|Category|Minecraft",Minecraft&|Video Game Music,Video Game,Song,,
Ki,"""Ki""&|Minecraft",Minecraft&|Video Game Music,Video Game,Song,,
Alpha,"""Alpha""&|Minecraft",Minecraft&|Video Game Music,Video Game,Song,,
Dead Voxel,Dead Voxel&|Minecraft,Minecraft&|Video Game Music,Video Game,Song,,
Blind Spots,Blind Spots&|Minecraft,Minecraft&|Video Game Music,Video Game,Song,,
Flake,Flake&|Minecraft,Minecraft&|Video Game Music,Video Game,Song,,
Moog City 2,Moog City 2&|Minecraft,Minecraft&|Video Game Music,Video Game,Song,,
Concrete Halls,Concrete Halls&|Minecraft,Minecraft&|Video Game Music,Video Game,Song,,
Aria Math,Aria Math&|Minecraft,Minecraft&|Video Game Music,Video Game,Song,,
Kyoto,Kyoto&|Minecraft,Minecraft&|Video Game Music,Video Game,Song,,
Kalimba,Kalimba&|Mr. Scruff,Mr. Scruff,Artist,Song,,
Be Someone Forever,Be Someone Forever,Red Vox,Artist,Song,,
Scoot The Burbs,Scoot The Burbs&|Red Vox,Red Vox,Artist,Song,,
Wallace & Gromit,Wallace & Gromit&|Theme,Wallace & Gromit,TV Series,Theme Song,,
One More Time,One More Time&|Daft Punk,Daft Punk,Artist,Song,,
Aerodynamic,Aerodynamic&|Daft Punk,Daft Punk,Artist,Song,,
Voyager,Voyager&|Daft Punk,Daft Punk,Artist,Song,,
Digital Love,Digital Love&|Daft Punk,Daft Punk,Artist,Song,,
"Harder, Better, Faster, Stronger","Harder, Better, Faster, Stronger&|Daft Punk",Daft Punk,Artist,Song,,
Crescendolls,Crescendolls&|Daft Punk,Daft Punk,Artist,Song,,
Nightvision,Nightvision&|Daft Punk,Daft Punk,Artist,Song,,
Superheroes,Superheroes&|Daft Punk,Daft Punk,Artist,Song,,
High Life,High Life&|Daft Punk,Daft Punk,Artist,Song,,
Something About Us,Something About Us&|Daft Punk,Daft Punk,Artist,Song,,
Veridis Quo,Veridis Quo&|Daft Punk,Daft Punk,Artist,Song,,
Short Circuit,Short Circuit&|Daft Punk,Daft Punk,Artist,Song,,
Face To Face,Face To Face&|Daft Punk,Daft Punk,Artist,Song,,
Too Long,Too Long&|Daft Punk,Daft Punk,Artist,Song,,
Daftendirekt,Daftendirekt&|Daft Punk,Daft Punk,Artist,Song,,
Revolution 909,Revolution 909&|Daft Punk,Daft Punk,Artist,Song,,
Da Funk,PheoDa Funknix&|Daft Punk,Daft Punk,Artist,Song,,
Pheonix,Pheonix&|Daft Punk,Daft Punk,Artist,Song,,
Fresh,Fresh&|Daft Punk,Daft Punk,Artist,Song,,
Around The World,Around The World&|Daft Punk,Daft Punk,Artist,Song,,
Rollin' & Scratchin',Rollin' & Scratchin'&|Daft Punk,Daft Punk,Artist,Song,,
Teachers,Teachers&|Daft Punk,Daft Punk,Artist,Song,,
Pheonix,Pheonix&|Daft Punk,Daft Punk,Artist,Song,,
High Fidelity,High Fidelity&|Daft Punk,Daft Punk,Artist,Song,,
Rock'n Roll,Rock'n Roll&|Daft Punk,Daft Punk,Artist,Song,,
Oh Yeah,Oh Yeah&|Daft Punk,Daft Punk,Artist,Song,,
Burnin',Burnin'&|Daft Punk,Daft Punk,Artist,Song,,
Indo Silver Club,Indo Silver Club&|Daft Punk,Daft Punk,Artist,Song,,
Alive,Alive&|Daft Punk,Daft Punk,Artist,Song,,
Human After All,Human After All&|Daft Punk,Daft Punk,Artist,Song,,
The Prime Time Of Your Life,The Prime Time Of Your Life&|Daft Punk,Daft Punk,Artist,Song,,
Robot Rock,Robot Rock&|Daft Punk,Daft Punk,Artist,Song,,
Steam Machine,Steam Machine&|Daft Punk,Daft Punk,Artist,Song,,
Make Love,Make Love&|Daft Punk,Daft Punk,Artist,Song,,
The Brainwasher,The Brainwasher&|Daft Punk,Daft Punk,Artist,Song,,
On / Off,On / Off&|Daft Punk,Daft Punk,Artist,Song,,
Teleivision Rules The Nation,Teleivision Rules The Nation&|Daft Punk,Daft Punk,Artist,Song,,
Technologic,Technologic&|Daft Punk,Daft Punk,Artist,Song,,
Emotion,Emotion&|Daft Punk,Daft Punk,Artist,Song,,
Musique,Musique&|Daft Punk,Daft Punk,Artist,Song,,
Give Life Back To Music,Give Life Back To Music&|Daft Punk,Daft Punk,Artist,Song,,
Game of Love,Game of Love&|Daft Punk,Daft Punk,Artist,Song,,
Giorgio By Moroder,Giorgio By Moroder&|Daft Punk,Daft Punk&|Giorgo Moroder,Artist,Song,,
Within,Within&|Daft Punk,Daft Punk,Artist,Song,,
Instant Crush,Instant Crush&|Daft Punk,Daft Punk,Artist,Song,,
Lose Yourself To Dance,Lose Yourself To Dance&|Daft Punk,Daft Punk,Artist,Song,,
Touch,Touch&|Daft Punk,Daft Punk,Artist,Song,,
Get Lucky,Get Lucky&|Daft Punk,Daft Punk,Artist,Song,,
Get Lucky,Get Lucky&|Pharell Williams,Pharell Williams,Artist,Song,,
Beyond,Beyond&|Daft Punk,Daft Punk,Artist,Song,,
Motherboard,Motherboard&|Daft Punk,Daft Punk,Artist,Song,,
Fragments Of Time,Fragments Of Time&|Daft Punk,Daft Punk,Artist,Song,,
Doin' It Right,Doin' It Right&|Daft Punk,Daft Punk&|Panda Bear,Artist,Song,,
Contact,Contact&|Daft Punk,Daft Punk&|DJ Falcon,Artist,Song,,
Infinity Repeating,Infinity Repeating&|Daft Punk,Daft Punk,Artist,Song,,
Horizon Ouverture,Horizon Ouverture&|Daft Punk,Daft Punk,Artist,Song,,
Nyan Cat,Nyan Cat,Nyan Cat,Meme,Song,,
Once Upon a Time,Once Upon a Time,Undertale,Video Game,Song,,
Start Menu,Start Menu&|Undertale,Undertale,Video Game,Song,,
Menu (Full),Menu (Full)&|Undertale,Undertale,Video Game,Song,,
Bonetrousle,Bonetrousle,Undertale,Video Game,Song,,
Another Medium,Another Medium&|Undertale,Undertale,Video Game,Song,,
CORE,CORE&|Undertale,Undertale,Video Game,Song,,
Fallen Down,Fallen Down&|Undertale,Undertale,Video Game,Song,,
sans.,sans.&|Undertale,Undertale,Video Game,Song,,
Undyne,Undyne&|Undertale,Undertale,Video Game,Song,,
Spear of Justice,Spear of Justice&|Undertale,Undertale,Video Game,Song,,
ASGORE,ASGORE&|Undertale,Undertale,Video Game,Song,,
Death by Glamour,Death by Glamour&|Undertale,Undertale,Video Game,Song,,
Home,Home&|Undertale,Undertale,Video Game,Song,,
Heartache,Heartache&|Undertale,Undertale,Video Game,Song,,
Snowy,Snowy&|Undertale,Undertale,Video Game,Song,,
Shop (Undertale),Shop&|Undertale,Undertale,Video Game,Song,,
Waterfall,Waterfall&|Undertale,Undertale,Video Game,Song,,
Dummy!,Dummy!&|Undertale,Undertale,Video Game,Song,,
Ball Chime,Ball Chime&|Undertale,Undertale,Video Game,Song,,
Ruins,Ruins&|Undertale,Undertale,Video Game,Song,,
Nyeh Heh Heh!,Nyeh Heh Heh!,Undertale,Video Game,Song,,
Pathetic House,Pathetic House&|Undertale,Undertale,Video Game,Song,,
It's Showtime!,It's Showtime!&|Undertale,Undertale,Video Game,Song,,
Metal Crusher,Metal Crusher&|Undertale,Undertale,Video Game,Song,,
Dating Fight!,Dating Fight!,Undertale,Video Game,Song,,
Hotel,Hotel&|Undertale,Undertale,Video Game,Song,,
It's Raining Somewhere Else,It's Raining Somewhere Else&|Undertale,Undertale,Video Game,Song,,
Hopes and Dreams,Hopes and Dreams&|Undertale,Undertale,Video Game,Song,,
Finale (Undertale),Finale&|Undertale,Undertale,Video Game,Song,,
Small Shock,Small Shock&|Undertale,Undertale,Video Game,Song,,
Mad Mew Mew,Mad Mew Mew,Undertale,Video Game,Song,,
W. D. Gaster,W. D. Gaster,Undertale,Video Game,Character,,
Megalovania,Megalovania,Undertale,Video Game,Song,,
Your Best Nightmare,Your Best Nightmare&|Undertale,Undertale,Video Game,Song,,
Respite,Respite&|Undertale,Undertale,Video Game,Song,,
Drowning,Drowning&|A Boogie Wit Da Hoodie,A Boogie Wit Da Hoodie,Artist,Song,,
SICKO MODE,SICKO MODE,Travis Scott&|Rap Music,Artist,Song,,
Kitchen Gun,Kitchen Gun&|The Peter Serafinowicz Show,The Peter Serafinowicz Show,TV Series,Video,,
Pornhub intro,Pornhub intro,Pornhub,Website,Jingle,,
B.O.B.,B.O.B.,OutKast,Artist,Song,,
Mario Pissing,Mario Pissing,Blaze the Movie Fan,Content Creator,Video,,
S.L.A.B. Freestyle,S.L.A.B. Freestyle,Chip Tha Ripper&|Rap Music,Artist,Song,,
Bird Up!,Bird Up!&|The Eric Andre Show,The Eric Andre Show,TV Series,Video,Skit,
Cool Transition,Cool Transition&|=3,=3&|Ray William Johnson,Content Creator,Sound Effect,Video,
No Love,No Love&|Death Grips,Death Grips,Artist,Song,,
Takyon (Death Yon),Takyon (Death Yon),Death Grips,Artist,Song,,
DK Rap,[[DK Rap]],Donkey Kong 64,Video Game,Song,,
Look At Me!,Look At Me!&|XXXTENTACION,XXXTENTACION,Artist,Song,,
Mo Bamba,Mo Bamba&|Sheck Wes,Sheck Wes,Artist,Song,,
"Fool me three times, fuck you",fuck you&|JonTron,JonTron,Content Creator,Voiceline,,
Flamingo,Flamingo&|Kero Kero Bonito,Kero Kero Bonito,Artist,Song,,
Speed of Sound,Speed of Sound&|TECH N9NE,TECH N9NE,Artist,Song,,
Lift Yourself,Lift Yourself&|Kanye West,Kanye West,Artist,Song,,
Black Skinhead,Black Skinhead&|Kanye West,Kanye West,Artist,Song,,
GabeN,[[GabeN]],Gravel Pit commentary node,Video,Voiceline,,
Everytime We Touch,Everytime We Touch&|Cascada,Cascada,Artist,Song,,
Better Off Alone,Better Off Alone&|Alice Deejay,Alice Deejay,Artist,Song,,
Back in the U.S.S.R.,Back in the U.S.S.R.,The Beatles,Artist,Song,,
Drop That #NaeNae,Drop That NaeNae,WeAreToonz,Artist,Song,,
Jack Black defines Octagon,Jack Black defines Octagon,Sesame Street&|Jack Black,TV Series,Video,Voiceline,
Yo Home to Bel-Air,Yo Home to Bel-Air,The Fresh Prince of Be-Air,TV Series,Theme Song,,
„É™„Çµ„Éï„É©„É≥„ÇØ420 / Áèæ‰ª£„ÅÆ„Ç≥„É≥„Éî„É•„Éº (Lisa Frank 420 / Modern Computing),„É™„Çµ„Éï„É©„É≥„ÇØ420 / Áèæ‰ª£„ÅÆ„Ç≥„É≥„Éî„É•„Éº,Macintosh Plus,Artist,Song,,
„É™„Çµ„Éï„É©„É≥„ÇØ420 / Áèæ‰ª£„ÅÆ„Ç≥„É≥„Éî„É•„Éº (Lisa Frank 420 / Modern Computing),„É™„Çµ„Éï„É©„É≥„ÇØ420 / Áèæ‰ª£„ÅÆ„Ç≥„É≥„Éî„É•„Éº,Vektroid,Artist,Song,,
De M√∫sica Ligera,De M√∫sica Ligera,Soda Stereo,Artist,Song,,
Teach Me How to Dougie,Teach Me How to Dougie,Cali Swag District,Artist,Song,,
Bodies,[[Bodies]],Drowning Pool,Artist,Song,,
Bodies,Bodies&|Drowning Pool,Drowning Pool,Artist,Song,,
9+10=21,9+10=21,Vine,Viral Video,Video,,
Cold Blows the Wind,Cold Blows the Wind&|Ween,Ween,Artist,Song,,
L.M.L.Y.P.,L.M.L.Y.P.&|Ween,Ween,Artist,Song,,
"The Stallion, Pt. 1","The Stallion, Pt. 1&|Ween",Ween,Artist,Song,,
Voodoo Lady,Voodoo Lady&|Ween,Ween,Artist,Song,,
Buenos Tardes Amigo,Buenos Tardes Amigo&|Ween,Ween,Artist,Song,,
Baneposting,Baneposting,The Dark Knight Rises,Film,Meme,,
Bassline Junkie,[[Bassline Junkie]],Dizzee Rascal,Artist,Song,,
Seinfeld Theme,Seinfeld Theme,Seinfeld,TV Series,Theme Song,,
h3h3Productions Theme Song,h3h3Productions Theme Song,h3h3Production,Content Creator,Theme Song,,
Inspector Gadget,Inspector Gadget Theme,Inspector Gadget,TV Series,Theme Song,,
Minecraft with Gadget,Minecraft with Gadget,Cinemassacre,Content Creator,Video,,
She Way Out,She Way Out&|The 1975,The 1975,Artist,Song,,