Puppy Monkey Baby,Mountain Dew,Commercial,Song
Baby,Justin Bieber,Artist (Music),Song
Baby,Ludacris,Artist (Music),Song
Made a Word!,LeapFrog Word Whammer Fridge Phonics Set,Toy
The Joke-Explainerâ„¢ 7000,SiIVaGunner,Content Creator,Meme
Thick Of It,KSI,Content Creator,Song
wordle rap,ch3rryb0y,Artist (Music),Song
Good Riddance (Time of Your Life),Green Day,Artist (Music),Song
Google Screaming Ad,Google,Company,Song,Video
Shocking Party,Love Live!|A-RISE,Anime,Song
Suneo's Bragging Theme,Doraemon (1979),Animated Series,Song
Uptown Funk,Mark Ronson,Artist (Music),Song
Uptown Funk,Bruno Mars,Artist (Music),Song
Baby Shark,Pinkfong,Content Creator,Song
Oo Ee A E A,dr.krex,Artist (Music),Song,Meme
Best Song Ever,One Direction,Artist (Music),Song
Scatman's World,Scatman John,Artist (Music),Song
Shelter,Porter Robinson,Artist (Music),Song
intro3.ogg,Friday Night Funkin',Video Game,Song
Burning Desires,Zenless Zone Zero,Video Game,Song
countdown,Super Smash Bros. Ultimate,Video Game,Song
Let Me Hit It,Sporty-O,Artist (Music),Song
Your Affection,Persona 4,Video Game,Song
SexyBack,Justin Timberlake,Artist (Music),Song
SexyBack,Timbaland,Artist (Music),Song
Mass Destruction,Persona 3,Video Game,Song
Burning Desires,Zenless Zone Zero,Video Game,Song
Temporary Secretary,Paul McCartney,Artist (Music),Song
Whopper Whopper,Burger King,Company,Song,Meme
Shooting Stars,Bag Raiders,Artist (Music),Song
Burger King Foot Lettuce,Top15s,Content Creator,Video,Meme
I CAN SWING MY SWORD!,Tobuscus,Content Creator,Song
synth instrument,Phineas and Ferb,Animated Series,Sound
Eh Eh Eh,@sp3_clan_sg,Social Media,Sound
EHHHHHHH EH EH EH,@sp3_clan_sg,Social Media,Sound
Music That Makes You Poop,Musical Magician,Social Media,Song
Be an Alpha,ZOMBIES: The Re-Animated Series,Animated Series,Song
Cotton Eye Joe,Rednex,Artist (Music),Song
Gegagedigedagedago,razioff,Content Creator,Song
Pomni Song,BENJIxScarlett,Content Creator,Song
The Amazing Digital Circus Theme,The Amazing Digital Circus,Animated Series,Song
Dubidubidu,Christell,Artist (Music),Song
GETCHA!,Hatsune Miku,Vocaloid,Song
Astronomia,Vicetone,Artist (Music),Song
Astronomia,Tony Igy,Artist (Music),Song
Megalovania,Toby Fox,Artist (Music),Song
Gangnam Style,PSY,Artist (Music),Song
Burning Desires,Zenless Zone Zero,Video Game,Song
Tell On Me,Supa King,Artist (Music),Song
Tell On Me,Kevin Gates,Artist (Music),Song
n***a started laughing at numbers ðŸ˜­ðŸ˜­,sugarsmorecake,Content Creator,Meme
My Ding-a-ling,The Simpsons,Animated Series,Song,Meme
Not Like Us,Kendrick Lamar,Artist (Music),Song
ANTONYMPH,Vylet Pony,Artist (Music),Song
Party Rock Anthem,LMFAO,Artist (Music),Song
Party Rock Anthem,Lauren Bennett,Artist (Music),Song
Party Rock Anthem,GoonRock,Artist (Music),Song
Harlem Shake,Baauer,Artist (Music),Song
TiK ToK,Ke$ha,Artist (Music),Song
Axel F,Crazy Frog,Artist (Music),Song
If voices were instruments and instruments were voices,CalebCity,Content Creator,Video
Karkalicious,Superspecks!,Artist (Music),Song
MAYBE I'LL PLAY FORTNITE,grandayy,Content Creator,Song
The Mine Song,LazyTown,TV Show,Song
Man's Not Hot,Big Shaq,Artist (Music),Song,Video
The Arena,Kirby's Return to Dream Land,Video Game,Song
Sweatshirt,Jacob Sartorius,Content Creator,Song
We Are Number One,LazyTown,TV Show,Song
NOW'S YOUR CHANCE TO BE A,Deltarune,Video Game,Song
Green Greens,Kirby's Dream Land,Video Game,Song
Mine,Bazzi,Artist (Music),Song
Christmas in July,hhgregg,Company,Video,,Song
Dance Mr. Funnybones,Fleeing the Complex,Video Game,Song
JACKIE'S BOX - FNAF MIMIC SONG,XTRATUNA,Content Creator,Song
Mood,24kGoldn,Artist (Music),Song
Mood,iann dior,Artist (Music),Song
GRIMACE,CG5,Artist (Music),Song
GRIMACE,DHeusta,Artist (Music),Song
imagine if ninja had a low taper fade,ericdoa,Artist (Music),Song
I Love Beijing Tiananmen,Hong Kong 97,Video Game,Song
I Like Your Booty (But I'm Not Gay),Aqua Teen Hunger Force Colon Movie Film for Theaters,Film,Song
I'm a Gummy Bear (The Gummy Bear Song),GummibÃ¤r,Artist (Music),Song
ASS WE CAN,Gachimuchi,Viral Video,Video,Meme
Billy Herrington's Honorable Common Inaugural Address,Gachimuchi,Viral Video,Video
Plop Plop,Teen Titans Go!,Animated Series,Song
Mothman exercises #1,Shin Megami Tensei V: Vengeance,Video Game,Song
Ran Ran Ru,McDonald's Japan,Company,Video
PoPiPo,Lamaze-P,Artist (Music),Song
e (Euler's Number),Numberphile,Content Creator,Video,Sound
All My Friends,Madeon,Artist (Music),Song
Lady (Hear Me Tonight),Modjo,Artist (Music),Song
hectopascal,Yuu Koito,Artist (Music),Song
hectopascal,Touko Nanami,Artist (Music),Song
Moves Like Jagger,Maroon 5,Artist (Music),Song
Goofy Ahh Phonk (Bababooey type beat),Memnicus,Artist (Music),Song
BROKE BOI X FEIN MIXX,undergroundking47,Artist (Music),Song
pizzaday.wmv,Rocco Botte,Content Creator,Video
Big Chungus (The Slopster),The Slopster,Viral Video,Song
NYR2_128_JHN_4BAR_Syrup.wav,Monster Rap Acapellas,Artist (Music),Song
Vacation,Dirty Heads,Artist (Music),Song
Alone,Marshmello,Artist (Music),Song
tv off,Kendrick Lamar,Artist (Music),Song
tv off,Lefty Gunplay,Artist (Music),Song
A Bad Dream,EarthBound,Video Game,Song
Love You Everyday (Titancube Remix),Gammer,Artist (Music),Song
Love You Everyday (Titancube Remix),Whizzkid,Artist (Music),Song
Spiral Mountain,Banjo-Kazooie,Video Game,Song
Hotline Bling,Drake,Artist (Music),Song
575,Tanuki,Artist (Music),Song
Title Theme & Ending,The Flintstones: The Rescue of Dino & Hoppy,Video Game,Song
Milky Sausage,Scott Brown,Artist (Music),Song
City of Color,Splatoon,Video Game,Song
Nintendo GameCube Startup,Nintendo GameCube,Video Game,Song
Smooth Criminal,Michael Jackson,Artist (Music),Song
Powerstorm,Instigate,Artist (Music),Song
Purple Lamborghini,Skrillex,Artist (Music),Song
Purple Lamborghini,Rick RossArtist (Music),Song
RIGHT IN,Skrillex,Artist (Music),Song
Bass Slut,S3RLArtist (Music),Song
Bass Slut,Tamika,Artist (Music),Song
Pepsiman,Pepsi,Company,Song
The GiivaSunner Conspiracy,Aztrosis,Content Creator,Video
High School of The Dead,Eufeion,Artist (Music),Song
High School of The Dead,Relevant,Artist (Music),Song
Bad Apple!!,Touhou 4: Lotus Land Story,Video Game,Song
Snow Mountain,Super Mario 64,Video Game,Song
Meet the Flintstones,The Flintstones,Animated Series,Song
Think About Music,Chris Fear,Artist (Music),Song
Stronger,Stonebank,Artist (Music),Song
Snow halation,Î¼'s,Anime,Song
Back 2 Back,Sonic Rush,Video Game,Song
Axel F,Crazy Frog,Artist (Music),Song
Milestone,Rhythmics,Artist (Music),Song
Loud Nigra,Meme,Meme,Sound,Video
I Found Love,Owl City,Artist (Music),Song
Chase the Sun,Klubfiller,Artist (Music),Song
Chase the Sun,Re-Con,Artist (Music),Song
One Minute To Win It!,Disney Infinity,Video Game,Song
Neverland,nanobii,Artist (Music),Song
A Secret Course,Super Mario Sunshine,Video Game,Song
All Star,Smash Mouth,Artist (Music),Song
Drop the Bass Now,P*Light,Artist (Music),Song
Creative Exercise,Mario Paint,Video Game,Song
Who's been drawing dicks?,Vinesauce Joel,Content Creator,Video,Meme
I Keep Holding On,Dr,Artist (Music),Song
My Hope Will Never Die,Dr,Artist (Music),Song
You & I (Rhythmics Riff Edit),Darren Styles,Artist (Music),Song
You & I (Rhythmics Riff Edit),Gammer,Artist (Music),Song
Tropical Resort (Act 1),Sonic Colors (DS),Video Game,Song
K-On! opening,K-On!,Anime,Song
Mr Krabs,SpongeBob SquarePants,Animated Seties,Character
Electric Zoo,SpongeBob SquarePants,Animated Series,Song
Without You,Darren Styles,Artist (Music),Song
Withou You,Michael Scout,Artist (Music),Song
Crank That,Soulja Boy,Artist (Music),Song
Battle! (Legendary PokÃ©mon),PokÃ©mon Black & White,Video Game,Song
The key we've lost,Hiroyuki Sawano,Artist (Music),Song
singalong! Sing it with me!,The Loud House,Animated Series,Song
Luna Loud,The Loud House,Animated Series,Character
Nuclear,Metal Gear Solid V: The Phantom Pain,Video Game,Song
Free Your Mind (Darren Styles Remix),CLSM,Artist (Music),Song
Siren (Gisbo Remix),Vicetone,Artist (Music),Song
Gift for You,Celldweller,Artist (Music),Song
Strike the Earth! (Plains of Passage),Shovel Knight,Video Game,Song
Hotel Room Service,Pitbull,Artist (Music),Song
You Ain't Ready (Moomei Remix),Macks Wolf,Artist (Music),Song
It's the Nutshack,The Nutshack,Animated Series,Song
Look At Me Now,Chris Brown,Artist (Music),Song
Look At Me Now,Lil Wayne,Artist (Music),Song
Senses,Dougal,Artist (Music),Song
Senses,Gammer,Artist (Music),Song
Heartbeat,Childish Gambino,Artist (Music),Song
smoooochãƒ»âˆ€ãƒ»,beatmania IIDX 16 EMPRESS,Video Game,Song
Stay the Night,Zedd,Artist (Music),Song
Fucking Shit Music,Sy,Artist (Music),Song
Fucking Shit Music,Joey Riot,Artist (Music),Song
Dating Fight!,Undertale,Video Game,Song
Careless Whisper,George Michael,Artist (Music),Song
Megalovania,Undertale,Video Game,Song
Trill Purple,DJ Genki,Artist (Music),Song
Unknown from M.E.,Sonic Adventure,Video Game,Song
Aphelion,Scandroid,Artist (Music),Song
Who's Got Your Love,Stonebank,Artist (Music),Song
Contagion,Circle of Dust,Artist (Music),Song
Fallen,Technikore,Artist (Music),Song
Ringside,Rhythm Heaven Fever,Video Game,Song
Ren'ai Circulation,Bakemonogatari,Anime,Song
Elysium,Rob Gasser,Artist (Music),Song
Funky Town,Jakazid,Artist (Music),Song
Encoder,Pendulum,Artist (Music),Song
Bang 2 Me Nasty (VIP Mix),Breeze & Modulate,Artist (Music),Song
Brain Cleaner,F-Zero GX,Video Game,Song
Artificial (Gammer Remix),Transcend,Artist (Music),Song
Prince Fleaswallow's RAP,PaRappa the Rapper,Video Game,Song
Your Guiding Light,Fracus,Artist (Music),Song
Tom Riddle,Darren Styles,Artist (Music),Song
Tom Riddle,Gammer,Artist (Music),Song
Amoena,T2KAZUYA,Artist (Music),Song
Flat Zone 2,Super Smash Bros. Brawl,Video Game,Song
Bonfire,Childish Gambino,Artist (Music),Song
Noodles Can't Be Beat,PaRappa the Rapper 2,Video Game,Song
Word Crimes,"Weird Al" Yankovic,Artist (Music),Song
Pause Screen - Wario World,Wario World,Video Game,Song
Circus (,Five Nights at Freddy's,Video Game,Song
Harder to Breathe,Maroon 5,Artist (Music),Song
Blue Planet,Hommarju,Artist (Music),Song
Athletic Theme,Super Mario World,Video Game,Song
Witch Doctor,Ross Bagdasaran,Artist (Music),Song
Basket Case,Green Day,Artist (Music),Song
Nyeh Heh Heh!,Undertale,Video Game,Song
Put A Donk On It,Blackout Crew,Artist (Music),Song
GO MY WAY!!,Î¼'s,Anime,Song
